table_name,gt_micro_precision,gt_precision,gt_recall,gt_f1,gen_micro_precision,gen_precision,gen_recall,gen_f1
Wang,0.7894736842105263,0.6818181818181818,0.6818181818181818,0.6818181818181818,0.7840909090909091,0.5171957671957672,0.5845410628019324,0.5381728395061729
Cao,0.7916666666666666,0.76,0.76,0.76,0.9222222222222223,0.6047619047619047,0.66449864498645,0.6183239962651726
Huang,0.7619047619047619,0.7272727272727273,0.7272727272727273,0.7272727272727273,0.8166666666666667,0.6875,0.701923076923077,0.6909722222222222
Krug,1.0,1.0,1.0,1.0,0.8555555555555555,0.5555555555555556,0.5387596899224806,0.546470999301188
Dou,0.9444444444444444,0.8947368421052632,0.8947368421052632,0.8947368421052632,0.8994413407821229,0.782608695652174,0.7780178233864434,0.7801853171774767
Satpathy,0.9090909090909091,0.8333333333333334,0.8333333333333334,0.8333333333333334,0.9137931034482759,0.5588235294117647,0.6420168067226891,0.5856014047410009
Gillette,0.7142857142857143,0.5588235294117647,0.5882352941176471,0.5686274509803921,0.8805970149253731,0.5515789473684211,0.5749751737835154,0.5588485777550672
Vasaikar,0.9166666666666666,0.875,0.9166666666666666,0.8888888888888888,0.8823529411764706,0.6764705882352942,0.6983408748114631,0.6822455009401021
Clark,0.8666666666666667,0.7647058823529411,0.7647058823529411,0.7647058823529411,0.7777777777777778,0.6947368421052631,0.7228070175438597,0.6936572199730094
