table_name,gt_precision,gt_weighted_precision,gt_recall,gt_f1,gen_precision,gen_weighted_precision,gen_weighted_recall,gen_weighted_f1
Wang,0.8947368421052632,0.8947368421052632,0.8947368421052632,0.8947368421052632,0.8068181818181818,0.916801948051948,0.8068181818181818,0.8469621212121212
Cao,0.9545454545454546,0.9545454545454546,0.9545454545454546,0.9545454545454546,0.9308943089430894,0.9863530778164924,0.9308943089430894,0.9550963565191207
Huang,0.9473684210526315,0.9473684210526315,0.9473684210526315,0.9473684210526315,0.8793103448275862,0.9568965517241379,0.8793103448275862,0.9094827586206896
Krug,1.0,1.0,1.0,1.0,0.8651685393258427,1.0,0.8651685393258427,0.9274640876120038
Dou,1.0,1.0,1.0,1.0,0.9050279329608939,0.9953445065176908,0.9050279329608939,0.9458767809715699
Satpathy,1.0,1.0,1.0,1.0,0.9381443298969072,0.979381443298969,0.9381443298969072,0.9542085869250196
Gillette,0.8461538461538461,0.8461538461538461,0.8461538461538461,0.8461538461538461,0.9090909090909091,0.946060606060606,0.9090909090909091,0.9256644111013042
Vasaikar,0.9166666666666666,0.875,0.9166666666666666,0.8888888888888888,0.8823529411764706,0.9705882352941176,0.8823529411764706,0.9214790939206733
Clark,1.0,1.0,1.0,1.0,0.8409090909090909,0.9590909090909091,0.8409090909090909,0.8792335115864526
